user_id,items
512382879,"['electronics.smartphone', 'electronics.audio.headphone']"
513037514,"['electronics.clocks', 'appliances.kitchen.coffee_machine']"
519080403,"['electronics.smartphone', 'electronics.audio.headphone']"
531198341,"['appliances.kitchen.oven', 'electronics.smartphone']"
533074223,"['appliances.kitchen.washer', 'electronics.smartphone']"
535318184,"['electronics.clocks', 'electronics.audio.headphone']"
558405123,"['electronics.smartphone', 'electronics.audio.headphone']"
560793146,"['electronics.smartphone', 'electronics.audio.headphone']"
561059313,"['electronics.video.tv', 'appliances.kitchen.washer']"
